<annotation>
	<folder>images</folder>
	<filename>videoplayback6056.jpg</filename>
	<path>/Volumes/D/MIDS/w251/hw08/MIDS_HW8/images/videoplayback6056.jpg</path>
	<source>
		<database>Unknown</database>
	</source>
	<size>
		<width>1000</width>
		<height>563</height>
		<depth>3</depth>
	</size>
	<segmented>0</segmented>
	<object>
		<name>Millennium Falcon</name>
		<pose>Unspecified</pose>
		<truncated>0</truncated>
		<difficult>0</difficult>
		<bndbox>
			<xmin>407</xmin>
			<ymin>191</ymin>
			<xmax>473</xmax>
			<ymax>248</ymax>
		</bndbox>
	</object>
	<object>
		<name>Tie Fighters</name>
		<pose>Unspecified</pose>
		<truncated>0</truncated>
		<difficult>0</difficult>
		<bndbox>
			<xmin>101</xmin>
			<ymin>345</ymin>
			<xmax>123</xmax>
			<ymax>368</ymax>
		</bndbox>
	</object>
</annotation>
