<annotation>
	<folder>images</folder>
	<filename>videoplayback5310.jpg</filename>
	<path>/Volumes/D/MIDS/w251/hw08/MIDS_HW8/images/videoplayback5310.jpg</path>
	<source>
		<database>Unknown</database>
	</source>
	<size>
		<width>1000</width>
		<height>563</height>
		<depth>3</depth>
	</size>
	<segmented>0</segmented>
	<object>
		<name>Tie Fighter</name>
		<pose>Unspecified</pose>
		<truncated>0</truncated>
		<difficult>0</difficult>
		<bndbox>
			<xmin>328</xmin>
			<ymin>157</ymin>
			<xmax>347</xmax>
			<ymax>175</ymax>
		</bndbox>
	</object>
	<object>
		<name>Millennium Falcon</name>
		<pose>Unspecified</pose>
		<truncated>0</truncated>
		<difficult>0</difficult>
		<bndbox>
			<xmin>201</xmin>
			<ymin>227</ymin>
			<xmax>262</xmax>
			<ymax>336</ymax>
		</bndbox>
	</object>
</annotation>
