<annotation>
	<folder>images</folder>
	<filename>videoplayback4449.jpg</filename>
	<path>/Volumes/D/MIDS/w251/hw08/MIDS_HW8/images/videoplayback4449.jpg</path>
	<source>
		<database>Unknown</database>
	</source>
	<size>
		<width>1000</width>
		<height>563</height>
		<depth>3</depth>
	</size>
	<segmented>0</segmented>
	<object>
		<name>Millennium Falcon</name>
		<pose>Unspecified</pose>
		<truncated>0</truncated>
		<difficult>0</difficult>
		<bndbox>
			<xmin>471</xmin>
			<ymin>286</ymin>
			<xmax>535</xmax>
			<ymax>355</ymax>
		</bndbox>
	</object>
	<object>
		<name>Tie Fighter</name>
		<pose>Unspecified</pose>
		<truncated>0</truncated>
		<difficult>0</difficult>
		<bndbox>
			<xmin>901</xmin>
			<ymin>276</ymin>
			<xmax>932</xmax>
			<ymax>303</ymax>
		</bndbox>
	</object>
</annotation>
