<annotation>
	<folder>images</folder>
	<filename>videoplayback5292.jpg</filename>
	<path>/Volumes/D/MIDS/w251/hw08/MIDS_HW8/images/videoplayback5292.jpg</path>
	<source>
		<database>Unknown</database>
	</source>
	<size>
		<width>1000</width>
		<height>563</height>
		<depth>3</depth>
	</size>
	<segmented>0</segmented>
	<object>
		<name>Millennium Falcon</name>
		<pose>Unspecified</pose>
		<truncated>0</truncated>
		<difficult>0</difficult>
		<bndbox>
			<xmin>247</xmin>
			<ymin>197</ymin>
			<xmax>295</xmax>
			<ymax>246</ymax>
		</bndbox>
	</object>
	<object>
		<name>Tie Fighter</name>
		<pose>Unspecified</pose>
		<truncated>0</truncated>
		<difficult>0</difficult>
		<bndbox>
			<xmin>340</xmin>
			<ymin>181</ymin>
			<xmax>354</xmax>
			<ymax>194</ymax>
		</bndbox>
	</object>
</annotation>
