<annotation>
	<folder>images</folder>
	<filename>videoplayback4049.jpg</filename>
	<path>/Volumes/D/MIDS/w251/hw08/MIDS_HW8/images/videoplayback4049.jpg</path>
	<source>
		<database>Unknown</database>
	</source>
	<size>
		<width>1000</width>
		<height>563</height>
		<depth>3</depth>
	</size>
	<segmented>0</segmented>
	<object>
		<name>Tie Fighter</name>
		<pose>Unspecified</pose>
		<truncated>0</truncated>
		<difficult>0</difficult>
		<bndbox>
			<xmin>549</xmin>
			<ymin>148</ymin>
			<xmax>863</xmax>
			<ymax>471</ymax>
		</bndbox>
	</object>
	<object>
		<name>Tie Fighter</name>
		<pose>Unspecified</pose>
		<truncated>1</truncated>
		<difficult>0</difficult>
		<bndbox>
			<xmin>873</xmin>
			<ymin>128</ymin>
			<xmax>1000</xmax>
			<ymax>364</ymax>
		</bndbox>
	</object>
</annotation>
